Email,FirstName,LastName,Gender,Password,ConfirmPassword
john.smith001@gmail.com,John,Smith,M,Pass123!,Pass123!
sarah.jones002@gmail.com,Sarah,Jones,F,Pass123!,Pass123!
michael.brown003@gmail.com,Michael,Brown,M,Pass123!,Pass123!
emily.davis004@gmail.com,Emily,Davis,F,Pass123!,Pass123!
david.wilson005@gmail.com,David,Wilson,M,Pass123!,Pass123!
jessica.taylor006@gmail.com,Jessica,Taylor,F,Pass123!,Pass123!
james.anderson007@gmail.com,James,Anderson,M,Pass123!,Pass123!
lisa.thomas008@gmail.com,Lisa,Thomas,F,Pass123!,Pass123!
robert.martin009@gmail.com,Robert,Martin,M,Pass123!,Pass123!
amanda.garcia010@gmail.com,Amanda,Garcia,F,Pass123!,Pass123!
